location,date,sero_study_participants,avg_seroprevalence
Afghanistan,2020-06,9514,0.25296405297456376
Albania,2020-06,266,0.043
Albania,2020-12,815,0.448
Argentina,2020-06,2600,0.35452307692307694
Argentina,2020-07,884,0.07472398190045249
Argentina,2020-12,10850,0.14330740092165897
Argentina,2021-03,2961,0.3460442418101992
Australia,2020-05,10115,0.0004
Australia,2020-06,2991,0.0
Australia,2020-07,11317,0.00035465229301051516
Australia,2021-01,1685,0.0006
Australia,2022-02,31102,0.838143559899685
Australia,2022-06,25693,0.8759766862569572
Australia,2022-08,25025,0.9200947452547452
Australia,2022-12,14988,0.5619588337336535
Austria,2020-03,612,0.07839493464052287
Austria,2020-04,3030,0.38395577557755783
Austria,2020-05,134,0.005988059701492537
Austria,2020-07,18744,0.017175469483568077
Austria,2020-08,3010,0.016
Austria,2020-11,3030,0.13898415841584158
Austria,2021-02,3082,0.084
Austria,2021-04,812,0.1
Austria,2021-10,4230,0.838
Austria,2021-11,7017,0.5315998289867464
Austria,2021-12,5797,0.5943655338968432
Austria,2022-01,4567,0.928
Austria,2022-02,3059,0.9449999999999998
Austria,2022-03,3753,0.952
Austria,2022-04,2756,0.949
Bangladesh,2020-07,7746,0.2300516395558998
Bangladesh,2020-12,12880,0.6489514751552795
Bangladesh,2021-05,4348,0.47654484820607174
Bangladesh,2021-06,748,0.634
Belarus,2021-05,40487,0.3606304245807297
Belgium,2020-03,584,0.006
Belgium,2020-04,27479,0.027155919065468184
Belgium,2020-05,15807,0.04799307901562599
Belgium,2020-06,17123,0.04536483092915961
Belgium,2020-07,14337,0.04091344772267559
Belgium,2020-08,2409,0.04042299709422997
Belgium,2020-09,13238,0.025384166792566852
Belgium,2020-10,12132,0.042318067919551595
Belgium,2020-11,2163,0.11522746185852983
Belgium,2020-12,6994,0.12835659136402633
Belgium,2021-01,5253,0.20297525223681703
Belgium,2021-02,7406,0.6216930866864704
Belgium,2021-03,8732,0.45721402885936785
Belgium,2021-04,7206,0.7847403552595058
Belgium,2021-05,3018,0.34675115970841613
Belgium,2021-06,9355,0.6336629609834313
Belgium,2021-08,2397,0.7202169378389655
Belgium,2021-09,3208,0.6141178304239402
Benin,2021-03,2810,0.22710110320284696
Benin,2021-06,2920,0.312225
Benin,2021-08,1470,0.27256088435374154
Bolivia (Plurinational State of),2021-01,783,0.388
Bosnia and Herzegovina,2020-11,1015,0.172
Bosnia and Herzegovina,2021-11,1152,0.8980000000000001
Brazil,2020-02,3240,0.012219444444444448
Brazil,2020-03,6572,0.02704351795496044
Brazil,2020-04,19783,0.015539149775059394
Brazil,2020-05,40179,0.05153492869409393
Brazil,2020-06,184799,0.023387060536041865
Brazil,2020-07,62100,0.07918534621578102
Brazil,2020-08,19332,0.10994304779639974
Brazil,2020-09,33350,0.11261752623688155
Brazil,2020-10,21421,0.31349232995658466
Brazil,2020-11,83,0.17
Brazil,2020-12,113,0.177
Brazil,2021-01,19750,0.3191940759493671
Brazil,2021-02,13402,0.15614047157140726
Brazil,2021-03,5527,0.145
Brazil,2021-04,6374,0.25973423282083463
Brazil,2021-06,5935,0.5016603201347937
Brazil,2021-07,1384,0.096
Bulgaria,2020-04,586,0.032
Burkina Faso,2020-10,998,0.021
Burkina Faso,2021-02,1149,0.4095874673629243
Burkina Faso,2021-03,221,0.404
Cameroon,2020-07,999,0.27
Cameroon,2020-11,3884,0.258009526261586
Cameroon,2021-06,106,0.847
Canada,2020-03,7848,0.0009380746687054028
Canada,2020-04,55066,0.006070963026186758
Canada,2020-05,10089,0.0029688472593914165
Canada,2020-06,443875,0.006862321171500986
Canada,2020-07,70996,0.004532919037692264
Canada,2020-08,65382,0.006278593649628339
Canada,2020-09,84289,0.009302950562944157
Canada,2020-10,259546,0.006600584867422345
Canada,2020-11,252864,0.009632796206656542
Canada,2020-12,262506,0.01235728059549115
Canada,2021-01,597461,0.0240419291803147
Canada,2021-02,54844,0.12341112427977535
Canada,2021-03,319026,0.06472355450652925
Canada,2021-04,290965,0.14042051277645076
Canada,2021-05,279783,0.33742299174717544
Canada,2021-06,285768,0.47771440819126
Canada,2021-07,152717,0.5291949494817211
Canada,2021-08,133938,0.49415072421568196
Canada,2021-09,137408,0.4991662734338611
Canada,2021-10,140031,0.5109865644035962
Canada,2021-11,123654,0.5438386594853382
Canada,2021-12,233360,0.5496731303565306
Canada,2022-01,446491,0.5811223386361651
Canada,2022-02,28616,0.9945
Canada,2022-03,35646,0.8242554339897885
Canada,2022-04,410034,0.6633268382621929
Canada,2022-05,436536,0.7449943537302767
Canada,2022-06,441757,0.7658422854646333
Canada,2022-07,398818,0.7654675864680129
Canada,2022-08,491685,0.7990969460121826
Canada,2022-09,434694,0.8246678111499122
Canada,2022-10,435113,0.8434293429522907
Canada,2022-11,430965,0.8593536960077963
Canada,2022-12,469728,0.877356686422781
Canada,2023-01,460915,0.8911168093900176
Canada,2023-02,15445,1.0
Chad,2021-09,2700,0.677
Chile,2020-05,6357,0.0617562372188139
Chile,2020-06,892,0.19294730941704036
Chile,2020-10,12060,0.08002247097844113
Chile,2021-12,4604,0.8398579496090357
China,2020-01,580,0.0146
China,2020-02,76521,0.009895413807974282
China,2020-03,127786,0.0246796206157169
China,2020-04,277912,0.036090215247992184
China,2020-05,293998,0.022287134266219498
China,2020-06,59060,0.00023539112766677954
China,2020-07,6594,0.00015128905065210798
China,2020-10,8396,0.00055
Colombia,2020-07,563,0.0754968028419183
Colombia,2020-08,2736,0.5213505116959064
Colombia,2020-10,74610,0.30900584372068085
Colombia,2020-11,7045,0.18600000000000005
Congo,2021-06,3339,0.2869095537586104
Croatia,2020-04,1494,0.0077
Croatia,2020-06,3147,0.01084842707340324
Croatia,2020-10,512,0.16399999999999998
Croatia,2021-01,5533,0.20905711187420933
Czechia,2020-04,22271,0.003030877823178124
Czechia,2020-07,200,0.0
Czechia,2020-10,3626,0.261
Czechia,2020-12,6880,0.408
Czechia,2021-03,19548,0.503
Czechia,2021-06,196,0.388
CÃ´te d'Ivoire,2021-02,286,0.1
Democratic Republic of the Congo,2020-10,3240,0.131666975308642
Democratic Republic of the Congo,2021-03,9325,0.6224530831099195
Democratic Republic of the Congo,2021-08,1014,0.658
Democratic Republic of the Congo,2021-10,2197,0.862
Denmark,2020-04,116024,0.020206477970075156
Denmark,2020-05,15509,0.010282145850796311
Denmark,2020-06,47410,0.023510894326091547
Denmark,2020-09,22956,0.015000000000000001
Denmark,2020-10,43094,0.0218697776952708
Denmark,2020-11,18505,0.0226
Denmark,2020-12,8088,0.0325
Denmark,2021-02,33832,0.07990228777488768
Denmark,2021-03,11275,0.066
Denmark,2021-05,5139,0.076
Denmark,2021-11,43505,0.008938259970118378
Denmark,2022-01,4722,0.10999999999999999
Denmark,2022-02,11157,0.22711212691583757
Denmark,2022-03,18507,0.4744086021505376
Dominican Republic,2021-08,33415,0.8099572048481222
Ecuador,2020-09,4914,0.10972161172161173
Ecuador,2020-10,5000,0.09154783999999999
Egypt,2020-05,455,0.058
Egypt,2020-08,5854,0.28235000000000005
Egypt,2021-03,7080,0.43182175141242946
Estonia,2020-06,4050,0.019596543209876548
Estonia,2021-02,2626,0.10289999999999999
Estonia,2021-03,7416,0.18303621898597627
Estonia,2021-04,2491,0.3397
Estonia,2021-05,2290,0.47450000000000003
Estonia,2021-06,2330,0.6596
Estonia,2021-09,2302,0.7491
Estonia,2021-10,2312,0.743
Estonia,2021-12,2290,0.7809999999999999
Estonia,2022-01,2301,0.8
Estonia,2022-03,2308,0.8740000000000001
Estonia,2022-04,2304,0.8470000000000001
Estonia,2022-05,2228,0.8320000000000001
Estonia,2022-06,2439,0.8490000000000001
Estonia,2022-08,2431,0.854
Estonia,2022-09,2184,0.904
Estonia,2022-10,2056,0.901
Estonia,2022-11,1995,0.885
Estonia,2022-12,1876,0.892
Estonia,2023-01,2152,0.9209999999999999
Ethiopia,2020-04,301,0.055
Ethiopia,2020-05,545,0.026458715596330278
Ethiopia,2020-07,69720,0.019771199082042452
Ethiopia,2020-08,6055,0.01443088356729975
Ethiopia,2020-09,1447,0.046
Ethiopia,2020-11,510,0.26899999999999996
Ethiopia,2020-12,672,0.3126041666666667
Ethiopia,2021-01,3616,0.3819280973451328
Ethiopia,2021-02,820,0.36209390243902445
Ethiopia,2021-04,364,0.5650000000000001
Faroe Islands,2020-04,3780,0.000760846560846561
Faroe Islands,2020-07,584,0.035
Faroe Islands,2020-11,3651,0.0006658175842235004
Fiji,2021-11,539,0.934
Finland,2020-04,1462,0.0008714090287277702
Finland,2020-05,1303,0.0002520337682271681
Finland,2020-06,498,0.00034377510040160646
Finland,2020-07,227,0.0015819383259911893
Finland,2020-08,224,0.0015803571428571427
Finland,2020-09,281,0.001888967971530249
Finland,2020-10,221,0.0016117647058823527
Finland,2020-11,256,0.010875781250000001
Finland,2020-12,392,0.0023079081632653062
Finland,2021-01,53,0.0
Finland,2021-02,413,0.024342857142857142
Finland,2021-03,433,0.027805542725173212
Finland,2021-04,299,0.11093645484949834
Finland,2021-05,305,0.2924416393442623
Finland,2021-06,246,0.4809109756097561
Finland,2021-07,27,0.40580000000000005
Finland,2021-08,82,0.695560975609756
Finland,2021-09,5,0.1204
Finland,2021-10,12,0.5707166666666666
Finland,2021-11,130,0.7841099999999999
Finland,2021-12,11,0.33075454545454547
France,2020-03,11502,0.00047226569292296996
France,2020-04,13510,0.03615540340488527
France,2020-05,78321,0.042251996271753425
France,2020-06,19306,0.057037231948617005
France,2020-07,93518,0.05542369383434204
France,2020-08,3454,0.043
France,2020-09,4231,0.10748380997400143
France,2020-11,191519,0.057270059367477914
France,2020-12,17709,0.07096862047546446
France,2021-01,1200,0.0655
France,2021-02,1358,0.07382562592047127
France,2021-04,1309,0.1475905271199389
France,2021-07,1907,0.7683209229155743
French Guiana,2020-07,1440,0.07550763888888888
French Polynesia,2021-12,3365,0.8508537890044576
Gabon,2021-06,4780,0.10922719665271967
Georgia,2020-05,9666,0.002945230705565901
Germany,2020-03,2550,0.0007599999999999999
Germany,2020-04,25923,0.0089510951664545
Germany,2020-05,22953,0.02187729272861935
Germany,2020-06,2167,0.012854591601292108
Germany,2020-07,20420,0.024451860920666018
Germany,2020-08,13730,0.006592425345957756
Germany,2020-09,26113,0.008178041971431854
Germany,2020-10,62157,0.008929764950045853
Germany,2020-11,51203,0.018653239068023356
Germany,2020-12,79099,0.01488752575885915
Germany,2021-01,3249,0.06144136657433056
Germany,2021-02,6722,0.03400446295745314
Germany,2021-03,16506,0.07509663152792924
Germany,2021-04,15975,0.06405190610328637
Germany,2021-05,1296,0.0077
Germany,2021-06,4745,0.0937321812434141
Germany,2021-08,1074,0.2814422718808194
Germany,2021-10,9100,0.08103714285714285
Germany,2022-03,9489,0.24791263568342292
Germany,2022-07,277,0.643
Germany,2022-08,63146,0.7259521109809014
Ghana,2020-11,3597,0.23426244092299137
Ghana,2021-03,340,0.34500000000000003
Greece,2020-03,8300,0.0002
Greece,2020-04,19539,0.0015757152361942782
Greece,2020-06,4993,0.0025988584017624674
Greece,2020-07,40297,0.0022500955406109637
Greece,2020-08,4996,0.0092
Greece,2020-09,7789,0.0075
Greece,2020-10,8160,0.013700000000000002
Greece,2020-11,7069,0.024
Greece,2020-12,6231,0.067
Guadeloupe,2020-08,892,0.036000000000000004
Guinea,2020-12,8388,0.2801087267525036
Haiti,2020-02,257,0.127
Haiti,2020-04,257,0.127
Haiti,2021-03,1589,0.2346154814348647
Hungary,2020-05,41896,0.00380645885048692
Hungary,2020-07,7948,0.010739053850025163
Iceland,2020-02,470,0.0029999999999999996
Iceland,2020-05,18609,0.0014584878284700953
India,2020-05,84000,0.003733333333333333
India,2020-06,87398,0.11980147715050687
India,2020-07,123445,0.21504769897525217
India,2020-08,118214,0.23309172441504392
India,2020-09,257082,0.14427279661742165
India,2020-10,146094,0.2723166379180528
India,2020-11,104986,0.2981570399862839
India,2020-12,170561,0.2430416730671138
India,2021-01,103557,0.5154440684840232
India,2021-02,168556,0.18714728280215476
India,2021-03,26697,0.42430901599430654
India,2021-04,125415,0.259723581708727
India,2021-05,2060,0.5250135922330097
India,2021-06,37295,0.6886546453948249
India,2021-07,121224,0.6182666757407774
India,2021-08,7040,0.4638791193181818
India,2021-09,38902,0.6974129659143488
India,2021-10,111244,0.90325
India,2022-01,32244,0.901
Indonesia,2021-01,3196,0.2544
Iran (Islamic Republic of),2020-04,7379,0.17212939422686002
Iran (Islamic Republic of),2020-05,26426,0.1444515855596761
Iran (Islamic Republic of),2020-06,716,0.08800000000000001
Iran (Islamic Republic of),2020-09,61363,0.12387774391734434
Iran (Islamic Republic of),2020-10,24401,0.22885193229785666
Iran (Islamic Republic of),2020-11,3152,0.2993
Iran (Islamic Republic of),2021-02,44466,0.2213528088876895
Ireland,2020-02,1047,0.0002
Ireland,2020-03,1033,0.0006
Ireland,2020-04,1342,0.0207
Ireland,2020-05,35313,0.018510809050491323
Ireland,2020-06,3303,0.04957720254314259
Ireland,2020-07,9781,0.010833043656067886
Ireland,2020-08,663,0.022
Ireland,2020-09,666,0.014900000000000002
Ireland,2021-10,955,0.08818010471204189
Ireland,2021-11,25007,0.8402470108369654
Ireland,2021-12,1708,0.11577985948477752
Ireland,2022-01,974,0.19589219712525668
Ireland,2022-02,9251,0.691295103232083
Ireland,2022-06,207,0.7659999999999999
Ireland,2022-07,72,0.755
Israel,2020-04,874,0.006
Israel,2020-05,428,0.0024
Israel,2020-08,222768,0.038350835847159384
Italy,2019-11,910,0.0025
Italy,2020-01,451,0.0
Italy,2020-03,8796,0.08197999090495679
Italy,2020-04,14537,0.03806507532503267
Italy,2020-05,157491,0.0869036789403839
Italy,2020-06,44308,0.0696416719328338
Italy,2020-07,9769,0.04225212406592282
Italy,2020-08,564,0.010900000000000002
Italy,2020-09,1109,0.019
Italy,2021-01,1109,0.106
Italy,2021-02,2423,0.02
Italy,2021-04,868,0.1017442396313364
Japan,2020-03,300,0.0
Japan,2020-04,1308,0.021414373088685018
Japan,2020-05,5833,0.02000132007543288
Japan,2020-06,43750,0.0005833664
Japan,2020-07,6374,0.001477496077816128
Japan,2020-08,7373,0.0025866811338668117
Japan,2020-09,5027,0.0069453749751342735
Japan,2020-10,6917,0.003975466242590719
Japan,2020-11,10345,0.005739333011116482
Japan,2020-12,142556,0.01248786722410842
Japan,2021-01,5407,0.008147512483817275
Japan,2021-02,4826,0.01401653543307087
Japan,2021-03,3034,0.026100000000000005
Japan,2021-04,139,0.04917985611510792
Japan,2021-06,360,0.31046999999999997
Japan,2021-07,804,0.00022
Japan,2022-02,2554,0.929
Japan,2022-11,8260,0.256
Jersey,2020-05,3834,0.023755868544600944
Jersey,2020-06,2772,0.029
Jordan,2020-03,736,0.0
Jordan,2020-08,4704,0.002
Jordan,2020-09,348,0.0
Jordan,2020-10,5470,0.068
Jordan,2021-01,5044,0.338
Jordan,2021-02,292,0.225
Jordan,2021-07,8821,0.731
Kazakhstan,2020-12,5739,0.5475826799093918
Kazakhstan,2021-01,85346,0.627
Kazakhstan,2021-04,99,0.534
Kenya,2020-05,3362,0.037000000000000005
Kenya,2020-07,43526,0.07274550843174195
Kenya,2020-08,196,0.4270000000000001
Kenya,2020-09,3805,0.07437077529566359
Kenya,2020-10,2527,0.29967079540957664
Kenya,2020-11,4810,0.2862735966735967
Kenya,2020-12,1769,0.31500791407574896
Kenya,2021-02,19229,0.4099911591866452
Kenya,2021-03,1110,0.3147927927927928
Kenya,2021-04,853,0.3410000000000001
Kenya,2021-05,652,0.24231288343558283
Kenya,2021-07,260,0.544
Kenya,2021-09,245,0.7829999999999999
Kenya,2021-10,602,0.6009750830564785
Kenya,2022-01,98,0.6689999999999999
Kenya,2022-02,3182,0.89
Kenya,2022-03,3408,0.6527570422535212
Kenya,2022-04,3404,0.8539541715628671
Kuwait,2020-04,10256,0.054000000000000006
Kuwait,2020-06,1050,0.3220323809523809
Kyrgyzstan,2021-06,30578,0.5365737785335862
Lao People's Democratic Republic,2020-09,11533,0.03811202635914333
Latvia,2020-06,177,0.0
Lebanon,2020-12,65194,0.20110669693530084
Liechtenstein,2020-08,1159,0.064
Lithuania,2020-06,300,0.0018000000000000002
Lithuania,2020-08,6178,0.0119
Lithuania,2020-10,26,0.0213
Luxembourg,2020-04,1820,0.013700000000000002
Madagascar,2020-03,992,0.0015
Madagascar,2020-04,314,0.0
Madagascar,2020-05,1196,0.0
Madagascar,2020-06,1312,0.055982469512195134
Madagascar,2020-07,1994,0.20876379137412238
Madagascar,2020-08,2106,0.29112108262108266
Madagascar,2020-09,2210,0.2985488687782805
Madagascar,2020-10,2526,0.29751504354711006
Madagascar,2020-11,2873,0.24162861120779675
Madagascar,2020-12,177,0.166
Madagascar,2021-01,778,0.26749999999999996
Madagascar,2021-02,638,0.29250000000000004
Madagascar,2021-03,994,0.29200000000000004
Madagascar,2021-04,1660,0.38400722891566264
Madagascar,2021-05,1000,0.497
Malawi,2020-06,500,0.08199999999999999
Malawi,2020-09,158,0.237
Malawi,2020-11,5231,0.06318543299560313
Malawi,2022-01,18068,0.8021078702678769
Malaysia,2020-03,327,0.0007000000000000001
Malaysia,2020-04,1576,0.0003730964467005076
Malaysia,2020-05,261,0.0001
Malaysia,2021-02,1306,0.020956355283307814
Malaysia,2021-08,1078,0.7991447124304267
Mali,2020-08,6222,0.030514625522340088
Mali,2020-09,3095,0.12742132471728596
Mali,2020-12,3289,0.24218425053207662
Mali,2021-01,4423,0.38509405380963146
Mexico,2020-07,5442,0.14084428518926864
Mexico,2020-09,43665,0.22833040192373755
Mexico,2020-10,2090760,0.3316660190552718
Mexico,2020-12,5359,0.29300000000000004
Mongolia,2020-11,24999,0.009546929877195088
Mozambique,2020-06,6278,0.04991079961771265
Mozambique,2020-07,5232,0.016288608562691133
Mozambique,2020-08,38787,0.019556036816459118
Nepal,2020-10,9120,0.11086820175438596
Nepal,2020-12,800,0.2908
Netherlands,2020-04,19525,0.017650345710627402
Netherlands,2020-05,637,0.07102511773940345
Netherlands,2020-06,164,0.028000000000000004
Netherlands,2020-07,487,0.019
Netherlands,2020-08,209,0.011
Netherlands,2020-11,29381,0.1548030359756305
Netherlands,2021-05,191,0.017712041884816752
Netherlands,2021-07,209,0.29
New Zealand,2020-07,1127,0.004
New Zealand,2020-12,9806,0.0009
Nicaragua,2020-09,1243,0.233
Nicaragua,2020-10,3990,0.5076864661654136
Nicaragua,2020-12,1824,0.475
Nicaragua,2021-03,1243,0.312
Nigeria,2020-08,113,0.34
Nigeria,2020-12,9426,0.15356526628474432
Norway,2020-03,179,0.38
Norway,2020-05,900,0.001
Norway,2020-08,1812,0.002
Norway,2020-12,138473,0.0063054169404865934
Norway,2021-01,112700,0.007127746228926353
Norway,2021-08,11553,0.4425525837444819
Oman,2020-07,12630,0.04501892319873317
Oman,2020-08,13209,0.08418086153380272
Oman,2020-09,14340,0.1430361227336123
Oman,2020-11,12192,0.19255273950131235
Pakistan,2020-04,1000,0.0
Pakistan,2020-06,3972,0.2701591137965761
Pakistan,2020-07,47174,0.4049772544198075
Pakistan,2020-08,1001,0.11946353646353647
Pakistan,2021-04,6119,0.2755613662363131
Pakistan,2021-10,5473,0.6395311529325781
Paraguay,2020-12,1313,0.195
Paraguay,2021-01,898,0.168
Paraguay,2021-02,2615,0.23048565965583176
Peru,2020-04,2419,0.061
Peru,2020-07,26732,0.2316029103695945
Peru,2020-08,621,0.62
Peru,2020-09,5734,0.2969291942797349
Peru,2020-10,159,0.4050000000000001
Peru,2020-12,128,0.3725
Peru,2021-02,111,0.43450000000000005
Peru,2021-03,563,0.55
Philippines,2020-06,115,0.065
Philippines,2020-09,158,0.389
Philippines,2020-12,174,0.384
Philippines,2021-03,693,0.31696969696969696
Poland,2020-06,5082,0.037000000000000005
Poland,2020-08,4500,0.004683644444444445
Poland,2020-09,90,0.0
Poland,2020-10,1167,0.095
Poland,2020-12,1040,0.226
Portugal,2020-06,26450,0.010188778827977316
Portugal,2020-07,8262,0.021805119825708062
Portugal,2020-09,26796,0.019723354231974924
Portugal,2020-11,6512,0.049
Portugal,2021-03,7132,0.14136890072910824
Portugal,2021-10,18180,0.8318022552255226
Portugal,2022-05,3825,0.95
Qatar,2020-07,230852,0.15837695146674058
Qatar,2020-08,5676,0.5248784355179703
Qatar,2020-10,1418,0.6415
Republic of Korea,2020-06,21747,0.005867655308778222
Republic of Korea,2020-11,8170,0.0016041860465116277
Republic of Korea,2021-02,39536,0.2929502225819507
Romania,2020-05,124,0.0014000000000000002
Romania,2020-08,2115,0.0107
Romania,2021-04,4886,0.4275505525992632
Russian Federation,2020-06,23947,0.14152307178352197
Russian Federation,2020-07,28483,0.10371583049538323
Russian Federation,2020-08,15051,0.4069522091555378
Russian Federation,2020-09,75158,0.18723039463530158
Russian Federation,2020-11,6379,0.1979361498667503
Russian Federation,2020-12,1000,0.15
Russian Federation,2021-03,7691,0.3571631777402158
Russian Federation,2021-04,1067,0.642
Russian Federation,2021-09,3419,0.28967856098274347
Saudi Arabia,2020-06,4375,0.10381312000000001
Saudi Arabia,2020-07,4185,0.19096869772998806
Saudi Arabia,2020-08,20210,0.21420737258782777
Saudi Arabia,2020-09,420,0.115
Saudi Arabia,2020-10,594,0.212
Saudi Arabia,2021-10,826,0.25627481840193705
Senegal,2020-07,303,0.16699999999999998
Senegal,2020-11,7158,0.2363366862252026
Serbia,2020-04,3749,0.01605009335822886
Serbia,2020-05,3170,0.023826593059936913
Serbia,2020-06,3010,0.040786810631229235
Serbia,2020-09,6246,0.12533029138648735
Sierra Leone,2021-03,7572,0.016538827258320128
Singapore,2020-05,478,0.579
Singapore,2020-11,937,8.000000000000002e-05
Slovenia,2020-04,2632,0.013150000000000002
Slovenia,2020-10,6055,0.023620000000000002
South Africa,2020-07,11353,0.38504553862415225
South Africa,2020-08,2410,0.19174273858921162
South Africa,2020-09,29313,0.2576885716235117
South Africa,2020-10,1664,0.259
South Africa,2020-12,23379,0.17568980709183457
South Africa,2021-01,7577,0.4370000000000001
South Africa,2021-02,1098,0.2450273224043716
South Africa,2021-03,51310,0.37869682323133896
South Africa,2021-04,1809,0.37875290215588725
South Africa,2021-05,2168,0.3324907749077491
South Africa,2021-07,1077,0.4241318477251625
South Africa,2021-09,1041,0.5973583093179635
South Africa,2021-10,3863,0.6631
South Africa,2021-11,46480,0.659239608433735
South Africa,2022-03,39557,0.8977438127259398
Spain,2020-03,10170,0.0018000000000000002
Spain,2020-04,2356,0.10591196943972836
Spain,2020-05,98876,0.07284857093733565
Spain,2020-06,70119,0.04974135683623555
Spain,2020-07,2555,0.03929839530332681
Spain,2020-08,40077,0.408772288344936
Spain,2020-10,507,0.133
Spain,2020-11,17481,0.044666666666666674
Spain,2021-02,528,0.04310227272727273
Spain,2021-03,2527,0.1463177681044717
Spain,2021-08,507,0.09134714003944772
Spain,2022-04,2793,0.9548897243107768
Sudan,2021-03,7124,0.38044525547445257
Sweden,2020-04,6683,0.06335089031871914
Sweden,2020-05,10875,0.02491393103448276
Sweden,2020-06,5013,0.03886854179134252
Sweden,2020-09,5100,0.151
Sweden,2020-10,4500,0.0567
Sweden,2020-11,7683,0.06359137055837563
Sweden,2021-01,136,0.25
Sweden,2021-03,9264,0.17457969559585493
Sweden,2021-05,37832,0.40404787481497145
Sweden,2021-09,6320,0.7513286075949368
Sweden,2021-11,2844,0.8148000000000001
Sweden,2022-09,3068,0.9272
Switzerland,2020-03,3806,0.001
Switzerland,2020-04,9674,0.028009716766590864
Switzerland,2020-05,17905,0.07943546495392349
Switzerland,2020-06,68971,0.04463390410462368
Switzerland,2020-07,1539,0.006680311890838207
Switzerland,2020-08,5934,0.0366845298281092
Switzerland,2020-09,3157,0.057389863794741855
Switzerland,2020-10,427,0.08124121779859486
Switzerland,2020-11,7835,0.044346394384173586
Switzerland,2020-12,12000,0.18703591666666666
Switzerland,2021-01,449,0.15
Switzerland,2021-02,559,0.179
Switzerland,2021-03,8474,0.17368574463063488
Switzerland,2021-05,722,0.192
Switzerland,2021-06,10065,0.27323318430203675
Switzerland,2021-07,1008,0.7154464285714286
Switzerland,2021-11,3750,0.44200000000000006
Switzerland,2021-12,985,0.16699999999999998
Switzerland,2022-03,2861,0.805792030758476
Switzerland,2022-05,15126,0.9268562739653577
Switzerland,2022-06,2553,0.9744853113983548
Thailand,2020-03,190,0.0013648
Thailand,2020-05,844,0.004
Thailand,2020-07,553,0.23789999999999997
Thailand,2020-09,1856,0.0144
Thailand,2020-11,4522,0.03514352056612118
Thailand,2020-12,1651,0.005
Thailand,2021-07,438,0.157
Thailand,2021-11,80143,0.010772243364985088
Togo,2020-04,955,0.004
Togo,2021-06,897,0.49070345596432546
Tunisia,2021-03,7132,0.2892209758833427
Turkey,2020-12,176,0.104
Uganda,2019-12,636,0.012
Uganda,2020-11,490,0.196
Uganda,2020-12,753,0.235
Uganda,2021-03,828,0.386
Uganda,2021-08,868,0.625
Uganda,2022-03,780,0.9340000000000002
United Arab Emirates,2020-08,13686,0.2801753616834722
United Kingdom of Great Britain and Northern Ireland,2019-10,608,0.006
United Kingdom of Great Britain and Northern Ireland,2019-11,1156,0.003472318339100346
United Kingdom of Great Britain and Northern Ireland,2019-12,1068,0.0020374531835205996
United Kingdom of Great Britain and Northern Ireland,2020-01,1039,0.004000000000000001
United Kingdom of Great Britain and Northern Ireland,2020-02,1199,0.005768140116763971
United Kingdom of Great Britain and Northern Ireland,2020-03,3534,0.015430956423316355
United Kingdom of Great Britain and Northern Ireland,2020-04,48573,0.052255347621106375
United Kingdom of Great Britain and Northern Ireland,2020-05,79176,0.06778207790239467
United Kingdom of Great Britain and Northern Ireland,2020-06,69488,0.06521857586921483
United Kingdom of Great Britain and Northern Ireland,2020-07,1851488,0.12068299999783957
United Kingdom of Great Britain and Northern Ireland,2020-08,1517738,0.04816397718183243
United Kingdom of Great Britain and Northern Ireland,2020-09,995235,0.04059649590297769
United Kingdom of Great Britain and Northern Ireland,2020-10,18380,0.07255848748639829
United Kingdom of Great Britain and Northern Ireland,2020-11,355665,0.0557033936428943
United Kingdom of Great Britain and Northern Ireland,2020-12,79726,0.10616448335549257
United Kingdom of Great Britain and Northern Ireland,2021-01,11526,0.11410489328474753
United Kingdom of Great Britain and Northern Ireland,2021-02,1004514,0.13496975562311725
United Kingdom of Great Britain and Northern Ireland,2021-03,22647,0.26445975625910717
United Kingdom of Great Britain and Northern Ireland,2021-04,6527,0.2687372452888004
United Kingdom of Great Britain and Northern Ireland,2021-05,1048896,0.7102611231237416
United Kingdom of Great Britain and Northern Ireland,2021-06,22231,0.2732664657460303
United Kingdom of Great Britain and Northern Ireland,2021-07,22020,0.7537774296094459
United Kingdom of Great Britain and Northern Ireland,2021-09,8649,0.6241033645508152
United Kingdom of Great Britain and Northern Ireland,2021-10,6578,0.7809176041349954
United Kingdom of Great Britain and Northern Ireland,2021-11,4980,0.5656963855421687
United Kingdom of Great Britain and Northern Ireland,2021-12,5308,0.9236929163526753
United Kingdom of Great Britain and Northern Ireland,2022-01,5362,0.9483433420365535
United Kingdom of Great Britain and Northern Ireland,2022-02,8600,0.9492558139534885
United Kingdom of Great Britain and Northern Ireland,2022-03,8565,0.9598005837711616
United Kingdom of Great Britain and Northern Ireland,2022-04,8566,0.959880784496848
United Kingdom of Great Britain and Northern Ireland,2022-06,2544,0.9499999999999998
United States of America,2019-12,95,0.0003
United States of America,2020-03,15629,0.06437508477829676
United States of America,2020-04,143787,0.07973182832940391
United States of America,2020-05,179032,0.04515854651682381
United States of America,2020-06,820042,0.1150098879081803
United States of America,2020-07,929339,0.03525564589455517
United States of America,2020-08,1927358,0.1065092474257507
United States of America,2020-09,1423959,0.04817639988229997
United States of America,2020-10,1008699,0.052828594754232926
United States of America,2020-11,1408791,0.07477082533888987
United States of America,2020-12,1053956,0.10871515395329596
United States of America,2021-01,1021021,0.18977711545599943
United States of America,2021-02,1417981,0.2631893028891078
United States of America,2021-03,1449073,0.35196483282760765
United States of America,2021-04,1519315,0.4775696916702593
United States of America,2021-05,1456391,0.5479773299889934
United States of America,2021-06,2110839,0.4939934468237511
United States of America,2021-07,1201792,0.6722447297868516
United States of America,2021-08,959130,0.7908956439690137
United States of America,2021-09,1329260,0.6742859513563938
United States of America,2021-10,1393860,0.6657810694043877
United States of America,2021-11,1300774,0.6926113115729557
United States of America,2021-12,1288904,0.7099112829970268
United States of America,2022-01,385364,0.4237255558381167
United States of America,2022-02,251036,0.5757366851766281
United States of America,2022-03,561,0.9079999999999999
United States of America,2022-04,168159,0.8502057130453915
United States of America,2022-05,482937,0.8652535185748866
United States of America,2022-07,164318,0.902851697318614
United States of America,2022-09,157136,0.9302855653701252
United States of America,2022-11,80196,0.9222382413087934
Uzbekistan,2020-09,86879,0.23
Viet Nam,2020-10,2242,0.0005605263157894737
Yemen,2020-11,2001,0.256
Zambia,2020-07,6593,0.02605900197178826
Zimbabwe,2020-06,635,0.069
Zimbabwe,2020-12,620,0.151
Zimbabwe,2021-03,1530,0.49600000000000005
occupied Palestinian territory - including east Jerusalem,2020-06,4982,0.0005928542753914091
occupied Palestinian territory - including east Jerusalem,2020-12,1269,0.217
